{
    "menu_file": [
        {
            "title": "Movie Menu File",
            "version": "2",
            "checked": "1",
            "desc": "Menu File containing the Movies menu in Atreides"
        }
    ],
    "movie_menu": [
        {
            "title": "32623",
            "menu_file": "movies",
            "menu_section": "critics_menu",
            "action": "menu",
            "toggle": "navi.moviereview",
            "thumbnail": "reviews.png"
        },
        {
            "title": "32011",
            "action": "movieGenres",
            "toggle": "navi.moviegenre",
            "thumbnail": "genres.png"
        },
        {
            "title": "32012",
            "action": "movieYears",
            "toggle": "navi.movieyears",
            "thumbnail": "years.png"
        },
        {
            "title": "32013",
            "action": "moviePersons",
            "toggle": "navi.moviepersons",
            "thumbnail": "people.png"
        },
        {
            "title": "32014",
            "action": "movieLanguages",
            "toggle": "navi.movielanguages",
            "thumbnail": "languages.png"
        },
        {
            "title": "32015",
            "action": "movieCertificates",
            "toggle": "navi.moviecerts",
            "thumbnail": "certificates.png"
        },
        {
            "title": "32017",
            "action": "movies",
            "url": "trending",
            "toggle": "navi.movietrending",
            "thumbnail": "people-watching.png"
        },
        {
            "title": "32018",
            "action": "movies",
            "url": "popular",
            "toggle": "navi.moviepopular",
            "thumbnail": "most-popular.png"
        },
        {
            "title": "32019",
            "action": "movies",
            "url": "views",
            "toggle": "navi.movieviews",
            "thumbnail": "most-voted.png"
        },
        {
            "title": "32020",
            "action": "movies",
            "url": "boxoffice",
            "toggle": "navi.movieboxoffice",
            "thumbnail": "box-office.png"
        },
        {
            "title": "32021",
            "action": "movies",
            "url": "oscars",
            "toggle": "navi.movieoscars",
            "thumbnail": "oscar-winners.png"
        },
        {
            "title": "32022",
            "action": "movies",
            "url": "theaters",
            "toggle": "navi.movietheaters",
            "thumbnail": "in-theaters.png"
        },
        {
            "title": "32005",
            "action": "movieWidget",
            "toggle": "navi.moviewidget",
            "thumbnail": "latest-movies.png"
        },
        {
            "title": "32003",
            "action": "mymovieliteNavigator",
            "thumbnail": "mymovies.png"
        },
        {
            "title": "32028",
            "action": "moviePerson",
            "thumbnail": "people-search.png"
        },
        {
            "title": "32010",
            "action": "movieSearch",
            "thumbnail": "search.png"
        }
    ],
    "mymovies_menu": [
        {
            "title": "32032",
            "action": "movies",
            "url": "traktcollection",
            "context": "32551|moviesToLibrary&url=traktcollection",
            "queue": "1",
            "req_trakt": "1",
            "req_imdb": "0",
            "thumbnail": "trakt.png"
        },
        {
            "title": "32032",
            "action": "movies",
            "url": "imdbwatchlist",
            "queue": "1",
            "req_trakt": "0",
            "req_imdb": "1",
            "thumbnail": "imdb.png"
        },
        {
            "title": "32033",
            "action": "movies",
            "url": "traktwatchlist",
            "context": "32551|moviesToLibrary&url=traktwatchlist",
            "queue": "1",
            "req_trakt": "1",
            "req_imdb": "0",
            "thumbnail": "trakt.png"
        },
        {
            "title": "32033",
            "action": "movies",
            "url": "imdbwatchlist2",
            "queue": "1",
            "req_trakt": "0",
            "req_imdb": "1",
            "thumbnail": "imdb.png"
        },
        {
            "title": "32035",
            "action": "movies",
            "url": "traktfeatured",
            "queue": "1",
            "req_trakt": "1",
            "req_imdb": "0",
            "thumbnail": "trakt.png"
        },
        {
            "title": "32036",
            "action": "movies",
            "url": "trakthistory",
            "queue": "1",
            "req_trakt": "1",
            "req_imdb": "0",
            "trakt_indicator": "1",
            "thumbnail": "trakt.png"
        },
        {
            "title": "32039",
            "action": "movieUserlists",
            "thumbnail": "userlists.png"
        },
        {
            "title": "32031",
            "action": "movieliteNavigator",
            "thumbnail": "movies.png"
        },
        {
            "title": "32028",
            "action": "moviePerson",
            "thumbnail": "people-search.png"
        },
        {
            "title": "32010",
            "action": "movieSearch",
            "thumbnail": "search.png"
        }
    ],
    "critics_menu": [
        {
            "title": "[COLOR orange]Review Channels[/COLOR]",
            "nolink": "1",
            "thumbnail": "https://raw.githubusercontent.com/therealatreides/atreidesextras/master/ytmenus/thecritics/icons/icon.png",
            "description": "Movie Review Channels on YouTube"
        },
        {
            "title": "Channel Awesome",
            "plugin": "plugin://plugin.video.youtube/channel/UCiH828EtgQjTyNIMH6YiOSw/",
            "thumbnail": "https://raw.githubusercontent.com/therealatreides/atreidesextras/master/ytmenus/thecritics/icons/cawesome.jpg",
            "description": "The official Channel Awesome YouTube Channel"
        },
        {
            "title": "Chris Stuckmann",
            "plugin": "plugin://plugin.video.youtube/channel/UCCqEeDAUf4Mg0GgEN658tkA/",
            "thumbnail": "https://raw.githubusercontent.com/therealatreides/atreidesextras/master/ytmenus/thecritics/icons/ChrisStuckmann.jpg",
            "description": "The official Chris Stuckmann YouTube Channel"
        },
        {
            "title": "Cinema Sins",
            "plugin": "plugin://plugin.video.youtube/channel/UCYUQQgogVeQY8cMQamhHJcg/",
            "thumbnail": "https://raw.githubusercontent.com/therealatreides/atreidesextras/master/ytmenus/thecritics/icons/csins.jpg",
            "description": "The official Cinema Sins YouTube Channel"
        },
        {
            "title": "Couch Tomato",
            "plugin": "plugin://plugin.video.youtube/channel/UCOZcxtwy_YYe7KKky8DCLGQ/",
            "thumbnail": "https://raw.githubusercontent.com/therealatreides/atreidesextras/master/ytmenus/thecritics/icons/couch.jpg",
            "description": "The official Couch Tomato YouTube Channel"
        },
        {
            "title": "Flick Pick",
            "plugin": "plugin://plugin.video.youtube/channel/UCTD8DtdOyVQ8XqADuixvH_g/",
            "thumbnail": "https://raw.githubusercontent.com/therealatreides/atreidesextras/master/ytmenus/thecritics/icons/flickpick.jpg",
            "description": "The official Flick Pick YouTube Channel"
        },
        {
            "title": "Jeremy Jahns",
            "plugin": "plugin://plugin.video.youtube/channel/UC7v3-2K1N84V67IF-WTRG-Q/",
            "thumbnail": "https://raw.githubusercontent.com/therealatreides/atreidesextras/master/ytmenus/thecritics/icons/jjahns.jpg",
            "description": "The official Jeremy Jahns YouTube Channel"
        },
        {
            "title": "Mr Sunday Movies",
            "plugin": "plugin://plugin.video.youtube/channel/UCkDSAQ_5-yx5hmuvUcsJL7A/",
            "thumbnail": "https://raw.githubusercontent.com/therealatreides/atreidesextras/master/ytmenus/thecritics/icons/sunday.jpg",
            "description": "The official Mr Sunday Movies YouTube Channel"
        },
        {
            "title": "Screen Junkies",
            "plugin": "plugin://plugin.video.youtube/channel/UCOpcACMWblDls9Z6GERVi1A/",
            "thumbnail": "https://raw.githubusercontent.com/therealatreides/atreidesextras/master/ytmenus/thecritics/icons/junkies.jpg",
            "description": "The official Screen Junkies YouTube Channel"
        },
        {
            "title": "Schmoes Know",
            "plugin": "plugin://plugin.video.youtube/channel/UCMVCs1F_XGueuaD9AfgTWmg/",
            "thumbnail": "https://raw.githubusercontent.com/therealatreides/atreidesextras/master/ytmenus/thecritics/icons/know.jpg",
            "description": "The official Schmoes Know YouTube Channel"
        },
        {
            "title": "Screen Rant",
            "plugin": "plugin://plugin.video.youtube/channel/UC2iUwfYi_1FCGGqhOUNx-iA/",
            "thumbnail": "https://raw.githubusercontent.com/therealatreides/atreidesextras/master/ytmenus/thecritics/icons/screenrant.jpg",
            "description": "The official Screen Rant YouTube Channel"
        },
        {
            "title": "What The Flick?!",
            "plugin": "plugin://plugin.video.youtube/channel/UCwTcFaOYFjIbxHjrmP0ptxw/",
            "thumbnail": "https://raw.githubusercontent.com/therealatreides/atreidesextras/master/ytmenus/thecritics/icons/wtf.jpg",
            "description": "The official What The Flick?! YouTube Channel"
        },
        {
            "title": "[COLOR orange]Trailer Channels[/COLOR]",
            "nolink": "1",
            "thumbnail": "https://raw.githubusercontent.com/therealatreides/atreidesextras/master/ytmenus/thecritics/icons/icon.png",
            "description": "Movie Trailer Channels on YouTube"
        },
        {
            "title": "Disney Movie Trailers",
            "plugin": "plugin://plugin.video.youtube/channel/UCuaFvcY4MhZY3U43mMt1dYQ/",
            "thumbnail": "https://raw.githubusercontent.com/therealatreides/atreidesextras/master/ytmenus/thecritics/icons/generic.png",
            "description": "The official Disney Movie Trailers YouTube Channel"
        },
        {
            "title": "FilmIsNow Movie Trailers",
            "plugin": "plugin://plugin.video.youtube/channel/UCOP-gP2WgKUKfFBMnkR3iaA/",
            "thumbnail": "https://raw.githubusercontent.com/therealatreides/atreidesextras/master/ytmenus/thecritics/icons/fin.jpg",
            "description": "The official FilmIsNow Movie Trailers YouTube Channel"
        },
        {
            "title": "FRESH Movie Trailers",
            "plugin": "plugin://plugin.video.youtube/channel/UCzNWVDZQ55bjq8uILZ7_wyQ/",
            "thumbnail": "https://raw.githubusercontent.com/therealatreides/atreidesextras/master/ytmenus/thecritics/icons/fresh.jpg",
            "description": "The official FRESH Movie Trailers YouTube Channel"
        },
        {
            "title": "Movieclips Trailers",
            "plugin": "plugin://plugin.video.youtube/channel/UCi8e0iOVk1fEOogdfu4YgfA/",
            "thumbnail": "https://raw.githubusercontent.com/therealatreides/atreidesextras/master/ytmenus/thecritics/icons/movieclips.jpg",
            "description": "The official Movieclips Trailers YouTube Channel"
        }
    ]
}