<?xml version="1.0" encoding="UTF-8" standalone="yes"?>
<addon id="script.atreides.artwork" version="1.2.2" name="Atreides Artwork" provider-name="Paul Atreides">
	<requires>
		<import addon="xbmc.python" version="2.19.0"/>
	</requires>
	<extension point="xbmc.python.module" library="lib" />
	<extension point="xbmc.addon.metadata">
		<summary>Themes for the Atreides Addon</summary>
		<description>Artwork Module for the Atreides Addon</description>
        <disclaimer lang="en">The author is not responsible for the use of this addon. The author is not responsible for the content found using this addon. The author does not host or own any content found within this addon.
The author is in no way affiliated with Kodi, Team Kodi, or the XBMC Foundation.
This is a Non-profit resource, organized solely for educational purposes which is protected under the Fair-Use doctrine of the Copyright Act, Specifically section 107, which does promote freedom of expression, by permitting the unlicensed use of copyright-protected works.</disclaimer>
        <license>Beerware rev. 42</license>
		<platform>all</platform>
        <reuselanguageinvoker>false</reuselanguageinvoker>
	</extension>
</addon>
