<arrakis>
    <sportsmain>
        <dir>
            <title>[COLOR yellow][ FM ][/COLOR] Archive</title>
            <fullmatch>nfl_replay/1</fullmatch>
        </dir>

        <dir>
            <title>[COLOR yellow][ NFLReplay ][/COLOR] 2017-2018 Archive</title>
            <sportshub>sh_nfl/1/YW1mdXRfMjAxNy0yMDE4</sportshub>
        </dir>

        <dir>
            <title>[COLOR yellow][ NFLReplay ][/COLOR] 2016-2017 Archive</title>
            <sportshub>sh_nfl/1/bmZsMjAxNi0yMDE3</sportshub>
        </dir>

        <dir>
            <title>[COLOR yellow][ NFLReplay ][/COLOR] 2015-2016 Archive</title>
            <sportshub>sh_nfl/1/bmZsMjAxNS0yMDE2</sportshub>
        </dir>
    </sportsmain>
</arrakis>
