<?xml version="1.0" encoding="UTF-8"?>
<window>
    <coordinates>
        <left>120</left>
        <top>67</top>
    </coordinates>
    <controls>
        <control type="group" id="5">
            <posx>0</posx>
            <posy>0</posy>
            <width>1680</width>
            <height>945</height>
            <control type="image">
                <description>Background Image</description>
                <texture border="2">background.png</texture>
            </control>
            <control type="image">
                <description>Header image</description>
                <posx>0</posx>
                <posy>25</posy>
                <width>1680</width>
                <height>106</height>
                <texture border="2">header_full.png</texture>
            </control>
            <control type="label" id="101">
                <description>header label</description>
                <posx>0</posx>
                <posy>20</posy>
                <width>1680</width>
                <height>60</height>
                <font>font13</font>
                <label>Marauder Changelog</label>
                <textcolor>$INFO[Window().Property(dhtext)]</textcolor>
                <align>center</align>
                <aligny>center</aligny>
            </control>
            <control type="textbox" id="102">
                <description>Main Text</description>
                <left>75</left>
                <top>125</top>
                <width>1643</width>
                <height>700</height>
                <align>left</align>
                <aligny>top</aligny>
                <label></label>
            </control>
            <control type="scrollbar" id="105">
                <description>Scrollbar</description>
                <left>1570</left>
                <top>125</top>
                <width>30</width>
                <height>700</height>
                <subtype>text</subtype>
                <visible>true</visible>
                <texturesliderbackground>Buttons/scrollbar-v-background.png</texturesliderbackground>
                <texturesliderbar>Buttons/scrollbar-v.png</texturesliderbar>
                <texturesliderbarfocus>Buttons/scrollbar-v-focus.png</texturesliderbarfocus>
                <orientation>vertical</orientation>
                <showonepage>true</showonepage>
                <onup>202</onup>
                <ondown>202</ondown>
                <onleft>202</onleft>
                <onright>202</onright>
            </control>
            <control type="grouplist" id="15">
                <description>Button Group</description>
                <left>0</left>
                <top>825</top>
                <width>1680</width>
                <height>106</height>
				<orientation>horizontal</orientation>
				<align>center</align>
                <defaultcontrol>202</defaultcontrol>
                <visible>true</visible>
                <onup>105</onup>
                <ondown>105</ondown>
                <onleft>105</onleft>
                <onright>105</onright>
                <control type="button" id="202">
                    <description>Close Button</description>
                    <width>240</width>
                    <height>50</height>
                    <font>font12</font>
                    <textcolor>FFF0F0F0</textcolor>
                    <textoffsetx>20</textoffsetx>
                    <label>Close</label>
                    <align>center</align>
                    <aligny>center</aligny>
                    <texturefocus colordiffuse="$VAR[HighlightBarColor]">Buttons/plainbtn_focus.png</texturefocus>
                    <texturenofocus>Buttons/pixel.png</texturenofocus>
                    <onup>105</onup>
                    <ondown>105</ondown>
                    <onleft>105</onleft>
                    <onright>105</onright>
                </control>
            </control>
        </control>
    </controls>
</window>