{
    "menu_file": [
        {
            "title": "Documentary Menu File",
            "version": "1",
            "checked": "1",
            "desc": "Menu File containing various documentary menus"
        }
    ],
    "documentaries_root": [
        {
            "title": "32680",
            "action": "docuTDNavigator",
            "thumbnail": "channels.png"
        },
        {
            "title": "32681",
            "action": "docuDHNavigator",
            "thumbnail": "channels.png"
        }
    ],
    "topdoc_root": [
        {
            "action": "docuTDNavigator&docuCat=https://topdocumentaryfilms.com/category/911/",
            "thumbnail": "https://topdocumentaryfilms.com/wp-content/uploads/2015/12/911-decade-deception-150x198.jpg",
            "title": "9/11"
        },
        {
            "action": "docuTDNavigator&docuCat=https://topdocumentaryfilms.com/category/art-artists/",
            "thumbnail": "https://topdocumentaryfilms.com/wp-content/uploads/2016/11/star-wars-begins-150x198.jpg",
            "title": "Art and Artists"
        },
        {
            "action": "docuTDNavigator&docuCat=https://topdocumentaryfilms.com/category/biography/",
            "thumbnail": "https://topdocumentaryfilms.com/wp-content/uploads/2018/07/true-life-stories-conor-mcgregor-150x198.jpg",
            "title": "Biography"
        },
        {
            "action": "docuTDNavigator&docuCat=https://topdocumentaryfilms.com/category/crime-conspiracy/",
            "thumbnail": "https://topdocumentaryfilms.com/wp-content/uploads/2019/01/operation-infektion-150x198.jpg",
            "title": "Conspiracy"
        },
        {
            "action": "docuTDNavigator&docuCat=https://topdocumentaryfilms.com/category/crime/",
            "thumbnail": "https://topdocumentaryfilms.com/wp-content/uploads/2018/12/antisemitism-europe-150x198.jpg",
            "title": "Crime"
        },
        {
            "action": "docuTDNavigator&docuCat=https://topdocumentaryfilms.com/category/drugs/",
            "thumbnail": "https://topdocumentaryfilms.com/wp-content/uploads/2018/11/dmt-lost-history-150x198.jpg",
            "title": "Drugs"
        },
        {
            "action": "docuTDNavigator&docuCat=https://topdocumentaryfilms.com/category/economics/",
            "thumbnail": "https://topdocumentaryfilms.com/wp-content/uploads/2018/12/inequality-how-wealth-becomes-power-150x198.jpg",
            "title": "Economics"
        },
        {
            "action": "docuTDNavigator&docuCat=https://topdocumentaryfilms.com/category/environment/",
            "thumbnail": "https://topdocumentaryfilms.com/wp-content/uploads/2019/05/dirty-business-150x198.jpg",
            "title": "Environment"
        },
        {
            "action": "docuTDNavigator&docuCat=https://topdocumentaryfilms.com/category/health/",
            "thumbnail": "https://topdocumentaryfilms.com/wp-content/uploads/2018/06/organic-food-hype-hope-150x198.jpg",
            "title": "Health"
        },
        {
            "action": "docuTDNavigator&docuCat=https://topdocumentaryfilms.com/category/history/",
            "thumbnail": "https://topdocumentaryfilms.com/wp-content/uploads/2019/04/putin-rise-power-150x198.jpg",
            "title": "History"
        },
        {
            "action": "docuTDNavigator&docuCat=https://topdocumentaryfilms.com/category/media/",
            "thumbnail": "https://topdocumentaryfilms.com/wp-content/uploads/2017/02/london-calling-150x198.jpg",
            "title": "Media"
        },
        {
            "action": "docuTDNavigator&docuCat=https://topdocumentaryfilms.com/category/military-war/",
            "thumbnail": "https://topdocumentaryfilms.com/wp-content/uploads/2018/10/nancy-wake-gestapos-most-wanted-150x198.jpg",
            "title": "Military and War"
        },
        {
            "action": "docuTDNavigator&docuCat=https://topdocumentaryfilms.com/category/mystery/",
            "thumbnail": "https://topdocumentaryfilms.com/wp-content/uploads/2019/03/where-shelly-v2-150x198.jpg",
            "title": "Mystery"
        },
        {
            "action": "docuTDNavigator&docuCat=https://topdocumentaryfilms.com/category/nature-wildlife/",
            "thumbnail": "https://topdocumentaryfilms.com/wp-content/uploads/2019/05/insect-apocalypse-150x198.jpg",
            "title": "Nature"
        },
        {
            "action": "docuTDNavigator&docuCat=https://topdocumentaryfilms.com/category/music-performing-arts/",
            "thumbnail": "https://topdocumentaryfilms.com/wp-content/uploads/2016/06/locked-off-150x198.jpg",
            "title": "Performing Arts"
        },
        {
            "action": "docuTDNavigator&docuCat=https://topdocumentaryfilms.com/category/philosophy/",
            "thumbnail": "https://topdocumentaryfilms.com/wp-content/uploads/2015/07/the-simulation-hypothesis-150x198.jpg",
            "title": "Philosophy"
        },
        {
            "action": "docuTDNavigator&docuCat=https://topdocumentaryfilms.com/category/politics/",
            "thumbnail": "https://topdocumentaryfilms.com/wp-content/uploads/2018/06/life-shadow-wall-150x198.jpg",
            "title": "Politics"
        },
        {
            "action": "docuTDNavigator&docuCat=https://topdocumentaryfilms.com/category/psychology/",
            "thumbnail": "https://topdocumentaryfilms.com/wp-content/uploads/2018/02/alone-past-150x198.jpg",
            "title": "Psychology"
        },
        {
            "action": "docuTDNavigator&docuCat=https://topdocumentaryfilms.com/category/religion/",
            "thumbnail": "https://topdocumentaryfilms.com/wp-content/uploads/2019/01/angel-chronicles-150x198.jpg",
            "title": "Religion"
        },
        {
            "action": "docuTDNavigator&docuCat=https://topdocumentaryfilms.com/category/science-technology/",
            "thumbnail": "https://topdocumentaryfilms.com/wp-content/uploads/2019/05/let-there-be-life-150x198.jpg",
            "title": "Science"
        },
        {
            "action": "docuTDNavigator&docuCat=https://topdocumentaryfilms.com/category/sex/",
            "thumbnail": "https://topdocumentaryfilms.com/wp-content/uploads/2018/08/substitutes-150x198.jpg",
            "title": "Sexuality"
        },
        {
            "action": "docuTDNavigator&docuCat=https://topdocumentaryfilms.com/category/society/",
            "thumbnail": "https://topdocumentaryfilms.com/wp-content/uploads/2019/05/village-above-clouds-150x198.jpg",
            "title": "Society"
        },
        {
            "action": "docuTDNavigator&docuCat=https://topdocumentaryfilms.com/category/sports/",
            "thumbnail": "https://topdocumentaryfilms.com/wp-content/uploads/2019/01/true-sight-150x198.jpg",
            "title": "Sports"
        },
        {
            "action": "docuTDNavigator&docuCat=https://topdocumentaryfilms.com/category/technology/",
            "thumbnail": "https://topdocumentaryfilms.com/wp-content/uploads/2019/01/nothing-hide-150x198.jpg",
            "title": "Technology"
        }
    ],
    "docuh_root": [
        {
            "action": "docuDHNavigator&docuCat=/category/911",
            "title": "911",
            "thumbnail": "https://documentaryheaven-documentaryheave.netdna-ssl.com/wp-content/thumbnails/5955-100x70.jpg"
        }, {
            "action": "docuDHNavigator&docuCat=/category/activist",
            "title": "Activist",
            "thumbnail": "https://documentaryheaven-documentaryheave.netdna-ssl.com/wp-content/thumbnails/4823-100x70.jpg"
        }, {
            "action": "docuDHNavigator&docuCat=/category/archaeology",
            "title": "Archaeology",
            "thumbnail": "https://documentaryheaven-documentaryheave.netdna-ssl.com/wp-content/thumbnails/1646-100x70.jpg"
        }, {
            "action": "docuDHNavigator&docuCat=/category/art-and-artists",
            "title": "Art and Artists",
            "thumbnail": "https://documentaryheaven-documentaryheave.netdna-ssl.com/wp-content/thumbnails/6319-100x70.jpg"
        }, {
            "action": "docuDHNavigator&docuCat=/category/atheism",
            "title": "Atheism",
            "thumbnail": "https://documentaryheaven-documentaryheave.netdna-ssl.com/wp-content/thumbnails/3347-100x70.jpg"
        }, {
            "action": "docuDHNavigator&docuCat=/category/biographies",
            "title": "Biographies",
            "thumbnail": "https://documentaryheaven-documentaryheave.netdna-ssl.com/wp-content/thumbnails/4600-100x70.jpg"
        }, {
            "action": "docuDHNavigator&docuCat=/category/business",
            "title": "Business",
            "thumbnail": "https://documentaryheaven-documentaryheave.netdna-ssl.com/wp-content/thumbnails/6582-100x70.jpg"
        }, {
            "action": "docuDHNavigator&docuCat=/category/celebrity",
            "title": "Celebrity",
            "thumbnail": "https://documentaryheaven-documentaryheave.netdna-ssl.com/wp-content/thumbnails/5935-100x70.jpg"
        }, {
            "action": "docuDHNavigator&docuCat=/category/conference",
            "title": "Conference",
            "thumbnail": "https://documentaryheaven-documentaryheave.netdna-ssl.com/wp-content/thumbnails/144-100x70.png"
        }, {
            "action": "docuDHNavigator&docuCat=/category/conspiracy",
            "title": "Conspiracy",
            "thumbnail": "https://documentaryheaven-documentaryheave.netdna-ssl.com/wp-content/thumbnails/6539-100x70.jpg"
        }, {
            "action": "docuDHNavigator&docuCat=/category/countries",
            "title": "Countries",
            "thumbnail": "https://documentaryheaven-documentaryheave.netdna-ssl.com/wp-content/thumbnails/5770-100x70.jpg"
        }, {
            "action": "docuDHNavigator&docuCat=/category/crime",
            "title": "Crime",
            "thumbnail": "https://documentaryheaven-documentaryheave.netdna-ssl.com/wp-content/thumbnails/7789-100x70.jpg"
        }, {
            "action": "docuDHNavigator&docuCat=/category/drugs",
            "title": "Drugs",
            "thumbnail": "https://documentaryheaven-documentaryheave.netdna-ssl.com/wp-content/thumbnails/498-100x70.png"
        }, {
            "action": "docuDHNavigator&docuCat=/category/economics",
            "title": "Economics",
            "thumbnail": "https://documentaryheaven-documentaryheave.netdna-ssl.com/wp-content/thumbnails/3262-100x70.jpg"
        }, {
            "action": "docuDHNavigator&docuCat=/category/educational",
            "title": "Educational",
            "thumbnail": "https://documentaryheaven-documentaryheave.netdna-ssl.com/wp-content/thumbnails/5963-100x70.jpg"
        }, {
            "action": "docuDHNavigator&docuCat=/category/environment",
            "title": "Environment",
            "thumbnail": "https://documentaryheaven-documentaryheave.netdna-ssl.com/wp-content/thumbnails/5028-100x70.jpg"
        }, {
            "action": "docuDHNavigator&docuCat=/category/evolution",
            "title": "Evolution",
            "thumbnail": "https://documentaryheaven-documentaryheave.netdna-ssl.com/wp-content/thumbnails/1034-100x70.jpg"
        }, {
            "action": "docuDHNavigator&docuCat=/category/future",
            "title": "Future",
            "thumbnail": "https://documentaryheaven-documentaryheave.netdna-ssl.com/wp-content/thumbnails/1319-100x70.jpg"
        }, {
            "action": "docuDHNavigator&docuCat=/category/gangs",
            "title": "Gangs",
            "thumbnail": "https://documentaryheaven-documentaryheave.netdna-ssl.com/wp-content/thumbnails/888-100x70.jpg"
        }, {
            "action": "docuDHNavigator&docuCat=/category/health",
            "title": "Health",
            "thumbnail": "https://documentaryheaven-documentaryheave.netdna-ssl.com/wp-content/thumbnails/498-100x70.png"
        }, {
            "action": "docuDHNavigator&docuCat=/category/history",
            "title": "History",
            "thumbnail": "https://documentaryheaven-documentaryheave.netdna-ssl.com/wp-content/thumbnails/6400-100x70.gif"
        }, {
            "action": "docuDHNavigator&docuCat=/category/human-rights",
            "title": "Human Rights",
            "thumbnail": "https://documentaryheaven-documentaryheave.netdna-ssl.com/wp-content/thumbnails/5894-100x70.jpg"
        }, {
            "action": "docuDHNavigator&docuCat=/category/law",
            "title": "Law",
            "thumbnail": "https://documentaryheaven-documentaryheave.netdna-ssl.com/wp-content/thumbnails/5678-100x70.png"
        }, {
            "action": "docuDHNavigator&docuCat=/category/lifestyle",
            "title": "Lifestyle",
            "thumbnail": "https://documentaryheaven-documentaryheave.netdna-ssl.com/wp-content/thumbnails/6038-100x70.jpg"
        }, {
            "action": "docuDHNavigator&docuCat=/category/movies",
            "title": "Movies",
            "thumbnail": "https://documentaryheaven-documentaryheave.netdna-ssl.com/wp-content/thumbnails/4452-100x70.jpg"
        }, {
            "action": "docuDHNavigator&docuCat=/category/murder",
            "title": "Murder",
            "thumbnail": "https://documentaryheaven-documentaryheave.netdna-ssl.com/wp-content/thumbnails/5533-100x70.jpg"
        }, {
            "action": "docuDHNavigator&docuCat=/category/music",
            "title": "Music",
            "thumbnail": "https://documentaryheaven-documentaryheave.netdna-ssl.com/wp-content/thumbnails/5858-100x70.gif"
        }, {
            "action": "docuDHNavigator&docuCat=/category/mystery",
            "title": "Mystery",
            "thumbnail": "https://documentaryheaven-documentaryheave.netdna-ssl.com/wp-content/thumbnails/4002-100x70.png"
        }, {
            "action": "docuDHNavigator&docuCat=/category/nature",
            "title": "Nature",
            "thumbnail": "https://documentaryheaven-documentaryheave.netdna-ssl.com/wp-content/thumbnails/3277-100x70.jpg"
        }, {
            "action": "docuDHNavigator&docuCat=/category/news-politics",
            "title": "News & Politics",
            "thumbnail": "https://documentaryheaven-documentaryheave.netdna-ssl.com/wp-content/thumbnails/8124-100x70.jpg"
        }, {
            "action": "docuDHNavigator&docuCat=/category/performing-arts",
            "title": "Performing Arts",
            "thumbnail": "https://documentaryheaven-documentaryheave.netdna-ssl.com/wp-content/thumbnails/2730-100x70.png"
        }, {
            "action": "docuDHNavigator&docuCat=/category/philosophy",
            "title": "Philosophy",
            "thumbnail": "https://documentaryheaven-documentaryheave.netdna-ssl.com/wp-content/thumbnails/5647-100x70.jpg"
        }, {
            "action": "docuDHNavigator&docuCat=/category/psychology",
            "title": "Psychology",
            "thumbnail": "https://documentaryheaven-documentaryheave.netdna-ssl.com/wp-content/thumbnails/5048-100x70.jpg"
        }, {
            "action": "docuDHNavigator&docuCat=/category/religion",
            "title": "Religion",
            "thumbnail": "https://documentaryheaven-documentaryheave.netdna-ssl.com/wp-content/thumbnails/5940-100x70.jpg"
        }, {
            "action": "docuDHNavigator&docuCat=/category/science",
            "title": "Science",
            "thumbnail": "https://documentaryheaven-documentaryheave.netdna-ssl.com/wp-content/thumbnails/5963-100x70.jpg"
        }, {
            "action": "docuDHNavigator&docuCat=/category/society",
            "title": "Society",
            "thumbnail": "https://documentaryheaven-documentaryheave.netdna-ssl.com/wp-content/thumbnails/5557-100x70.jpg"
        }, {
            "action": "docuDHNavigator&docuCat=/category/space",
            "title": "Space",
            "thumbnail": "https://documentaryheaven-documentaryheave.netdna-ssl.com/wp-content/thumbnails/5689-100x70.jpg"
        }, {
            "action": "docuDHNavigator&docuCat=/category/spiritual",
            "title": "Spiritual",
            "thumbnail": "https://documentaryheaven-documentaryheave.netdna-ssl.com/wp-content/thumbnails/3260-100x70.jpg"
        }, {
            "action": "docuDHNavigator&docuCat=/category/sportadventure",
            "title": "Sport & Adventure",
            "thumbnail": "https://documentaryheaven-documentaryheave.netdna-ssl.com/wp-content/thumbnails/1646-100x70.jpg"
        }, {
            "action": "docuDHNavigator&docuCat=/category/technology",
            "title": "Technology",
            "thumbnail": "https://documentaryheaven-documentaryheave.netdna-ssl.com/wp-content/thumbnails/264-100x70.png"
        }, {
            "action": "docuDHNavigator&docuCat=/category/war",
            "title": "War",
            "thumbnail": "https://documentaryheaven-documentaryheave.netdna-ssl.com/wp-content/thumbnails/4929-100x70.jpeg"
        }
    ]

}