<arrakis>
    <networks>
        <dir>
            <title>TV Calendar</title>
            <meta>
                <summary>TV Show Calendar, to find what you want based on the date. Uses Universal Scrapers to find sources</summary>
            </meta>
            <tvmaze>calendar</tvmaze>
        </dir>

        <dir>
            <title>Canadian Networks</title>
            <meta>
                <summary>Find shows from your favorite networks in Canada. Uses Universal Scrapers to find sources</summary>
            </meta>
            <tvmaze>country/Canada/1</tvmaze>
            <thumbnail>https://raw.githubusercontent.com/muaddibttv/artwork/master/arrakis/livetv/canadiantv.png</thumbnail>
        </dir>

        <dir>
            <title>Ireland's Networks</title>
            <meta>
                <summary>Find shows from your favorite networks in Ireland. Uses Universal Scrapers to find sources</summary>
            </meta>
            <tvmaze>country/Ireland/1</tvmaze>
            <thumbnail>https://raw.githubusercontent.com/muaddibttv/artwork/master/arrakis/livetv/irelandtv.png</thumbnail>
        </dir>

        <dir>
            <title>UK Networks</title>
            <meta>
                <title>UK Networks</title>
                <summary>Find shows from your favorite networks in the UK. Uses Universal Scrapers to find sources</summary>
            </meta>
            <tvmaze>country/United Kingdom/1</tvmaze>
            <thumbnail>https://raw.githubusercontent.com/muaddibttv/artwork/master/arrakis/livetv/uktv.png</thumbnail>
        </dir>

        <dir>
            <title>United States Networks</title>
            <meta>
                <summary>Find shows from your favorite networks in the states. Uses Universal Scrapers to find sources</summary>
            </meta>
            <tvmaze>country/United States/1</tvmaze>
            <thumbnail>https://raw.githubusercontent.com/muaddibttv/artwork/master/arrakis/livetv/ustv.png</thumbnail>
        </dir>
    </networks>
</arrakis>
